Player,FG%,3P%,FT%,PTS,AST,TRB,BLK,STL,All-Star,Salary
Aaron Gordon,43.7,30.8,67.4,14.4,3.7,7.7,0.6,0.8,0,19863636
Aaron Holiday,41.4,39.4,85.1,9.5,3.4,2.4,0.2,0.8,0,2329200
Abdel Nader,46.800000000000004,37.5,77.3,6.3,0.7,1.8,0.4,0.4,0,1618520
Admiral Schofield,38.0,31.1,66.7,3.0,0.5,1.4,0.1,0.2,0,1000000
Al Horford,45.0,35.0,76.3,11.9,4.0,6.8,0.9,0.8,0,28000000
Al-Farouq Aminu,29.099999999999998,25.0,65.5,4.3,1.2,4.8,0.4,1.0,0,9258000
Alec Burks,41.8,38.5,88.7,15.0,2.9,4.3,0.3,0.9,0,1620564
Alex Caruso,41.199999999999996,33.300000000000004,73.4,5.5,1.9,1.9,0.3,1.1,0,2750000
Alex Len,55.50000000000001,27.1,64.8,8.0,0.9,5.8,0.9,0.4,0,4160000
Alfonzo McKinnie,42.699999999999996,21.5,71.0,4.6,0.4,2.8,0.2,0.6,0,1500000
Alize Johnson,41.4,37.5,70.0,2.0,0.4,2.8,0.1,0.2,0,1416852
Allen Crabbe,35.6,30.3,71.39999999999999,4.6,0.9,2.1,0.1,0.4,0,18500000
Allonzo Trier,48.1,35.8,79.10000000000001,6.5,1.2,1.2,0.2,0.1,0,3551000
Amile Jefferson,35.699999999999996,0.0,35.699999999999996,0.8,0.2,1.3,0.2,0.1,0,1529007
Andre Drummond,53.300000000000004,14.299999999999999,57.49999999999999,17.7,2.7,15.2,1.6,1.9,0,27093019
Andre Iguodala,43.2,29.799999999999997,40.0,4.6,2.4,3.7,1.0,0.7,0,17185185
Andre Roberson,27.6,21.4,50.0,2.9,0.6,3.9,0.4,0.1,0,10740740
Andrew Wiggins,44.7,33.2,70.89999999999999,21.8,3.7,5.1,1.0,0.8,0,27504630
Anfernee Simons,39.900000000000006,33.2,82.6,8.3,1.4,2.2,0.1,0.4,0,2149560
Anthony Davis,50.3,33.0,84.6,26.1,3.2,9.3,2.3,1.5,1,27093018
Anthony Tolliver,35.699999999999996,33.800000000000004,72.39999999999999,3.6,0.8,2.8,0.2,0.3,0,183115
Aron Baynes,48.0,35.099999999999994,74.7,11.5,1.6,5.6,0.5,0.2,0,5453280
Austin Rivers,42.1,35.6,70.3,8.8,1.7,2.6,0.1,0.7,0,2147317
Avery Bradley,44.4,36.4,83.3,8.6,1.3,2.3,0.1,0.9,0,4767000
Bam Adebayo,55.7,14.299999999999999,69.1,15.9,5.1,10.2,1.3,1.1,1,3454080
Ben McLemore,44.4,40.0,74.6,10.1,0.8,2.2,0.2,0.6,0,2028594
Ben Simmons,57.99999999999999,28.599999999999998,62.1,16.4,8.0,7.8,0.6,2.1,1,8113930
Bismack Biyombo,54.300000000000004,0.0,60.3,7.4,0.9,5.8,0.9,0.2,0,17000000
Blake Griffin,35.199999999999996,24.3,77.60000000000001,15.5,3.3,4.7,0.4,0.4,0,34449964
Bobby Portis,45.0,35.8,76.3,10.1,1.5,5.1,0.3,0.5,0,15000000
Brad Wanamaker,44.800000000000004,36.3,92.60000000000001,6.9,2.5,2.0,0.2,0.9,0,1445697
Bradley Beal,45.5,35.3,84.2,30.5,6.1,4.2,0.4,1.2,0,27093019
Brandon Clarke,61.8,35.9,75.9,12.1,1.4,5.9,0.8,0.6,0,2478840
Brandon Goodwin,40.0,29.9,93.30000000000001,6.1,1.5,2.1,0.1,0.4,0,522738
Brandon Ingram,46.300000000000004,39.1,85.1,23.8,4.2,6.1,0.6,1.0,1,7265485
Brandon Knight,35.3,34.4,58.8,7.3,2.8,1.6,0.1,0.4,0,15643750
Brook Lopez,43.5,31.4,83.6,12.0,1.5,4.6,2.4,0.7,0,12093023
Bruce Brown,44.3,34.4,73.9,8.9,4.0,4.7,0.5,1.1,0,1416852
Bruno Caboclo,42.699999999999996,18.2,88.9,3.0,0.4,2.0,0.6,0.5,0,1845301
Bruno Fernando,51.800000000000004,13.5,56.89999999999999,4.3,0.9,3.5,0.3,0.3,0,1400000
Bryn Forbes,41.699999999999996,38.800000000000004,83.3,11.2,1.7,2.0,0.0,0.5,0,2875000
Buddy Hield,42.9,39.4,84.6,19.2,3.0,4.6,0.2,0.9,0,4861208
C.J. Miles,32.2,31.4,75.0,6.4,1.2,1.2,0.4,1.0,0,8333333
CJ McCollum,45.1,37.9,75.7,22.2,4.4,4.2,0.6,0.8,0,27556959
Caleb Martin,44.0,54.1,81.0,6.2,1.3,2.1,0.4,0.7,0,898310
Caleb Swanigan,59.599999999999994,0.0,52.900000000000006,2.4,1.1,3.7,0.3,0.1,0,2033160
Cam Reddish,38.4,33.2,80.2,10.5,1.5,3.7,0.5,1.1,0,4245720
Cameron Johnson,43.5,39.0,80.7,8.8,1.2,3.3,0.4,0.6,0,4033440
Cameron Payne,48.5,51.7,85.7,10.9,3.0,3.9,0.3,1.0,0,1737145
Caris LeVert,42.5,36.4,71.1,18.7,4.4,4.2,0.2,1.2,0,2625718
Carmelo Anthony,43.0,38.5,84.5,15.4,1.5,6.3,0.5,0.8,0,1364204
Carsen Edwards,32.800000000000004,31.6,68.4,3.3,0.6,1.3,0.1,0.3,0,1228026
Cedi Osman,43.7,38.3,67.0,11.0,2.4,3.6,0.2,0.8,0,2907143
Chandler Hutchison,45.7,31.6,59.0,7.8,0.9,3.9,0.3,1.0,0,2332320
Chandler Parsons,27.800000000000004,28.599999999999998,0.0,2.8,0.6,1.4,0.2,0.8,0,25102511
Cheick Diallo,64.8,33.300000000000004,87.2,4.7,0.5,2.8,0.3,0.2,0,1678854
Chimezie Metu,57.099999999999994,0.0,76.9,3.2,0.6,1.8,0.3,0.2,0,1416852
Chris Boucher,47.199999999999996,32.2,78.4,6.6,0.4,4.5,1.0,0.4,0,1588231
Chris Clemons,40.1,34.599999999999994,90.9,4.9,0.8,0.9,0.2,0.3,0,563347
Chris Paul,48.9,36.5,90.7,17.6,6.7,5.0,0.2,1.6,1,38506482
Chris Silva,61.5,0.0,67.30000000000001,3.0,0.5,2.9,0.5,0.2,0,466918
Christian Wood,56.699999999999996,38.6,74.4,13.1,1.0,6.3,0.9,0.5,0,1645357
Clint Capela,62.9,0.0,52.900000000000006,13.9,1.2,13.8,1.8,0.8,0,14896552
Coby White,39.4,35.4,79.10000000000001,13.2,2.7,3.5,0.1,0.8,0,5307120
Cody Martin,43.0,23.400000000000002,64.60000000000001,5.0,2.0,3.3,0.2,0.8,0,1173310
Cody Zeller,52.400000000000006,24.0,68.2,11.1,1.5,7.1,0.4,0.7,0,14471910
Collin Sexton,47.199999999999996,38.0,84.6,20.8,3.0,3.1,0.1,1.0,0,4764960
Cory Joseph,41.5,35.199999999999996,85.7,6.4,3.5,2.6,0.3,0.7,0,12000000
Courtney Lee,48.8,44.7,85.7,4.5,0.5,1.3,0.3,0.8,0,12759670
D'Angelo Russell,42.6,36.7,80.9,23.1,6.3,3.9,0.3,1.1,0,27285000
D.J. Augustin,39.900000000000006,34.8,89.0,10.5,4.6,2.1,0.0,0.6,0,7250000
D.J. Wilson,39.4,24.7,61.1,3.6,0.7,2.5,0.1,0.1,0,2961120
Damian Jones,68.0,22.2,73.8,5.6,0.6,3.7,0.7,0.5,0,2305057
Damian Lillard,46.300000000000004,40.1,88.8,30.0,8.0,4.3,0.3,1.1,0,29802321
Damion Lee,41.699999999999996,35.6,87.3,12.7,2.7,4.9,0.1,1.0,0,842327
Damyean Dotson,41.4,36.199999999999996,66.7,6.7,1.2,1.9,0.1,0.5,0,1618520
Daniel Gafford,70.1,0.0,53.300000000000004,5.1,0.5,2.5,1.3,0.3,0,898310
Daniel Theis,56.599999999999994,33.300000000000004,76.3,9.2,1.7,6.6,1.3,0.6,0,5000000
Danilo Gallinari,43.8,40.5,89.3,18.7,1.9,5.2,0.1,0.7,0,22615559
Danny Green,41.6,36.7,68.8,8.0,1.3,3.3,0.5,1.3,0,14634146
Dante Exum,47.099999999999994,34.9,74.4,4.5,1.1,1.9,0.2,0.4,0,9600000
Danuel House Jr.,42.699999999999996,36.3,81.10000000000001,10.5,1.3,4.2,0.5,1.1,0,3540000
Darius Bazley,39.4,34.8,69.39999999999999,5.6,0.7,4.0,0.7,0.4,0,2284800
Darius Garland,40.1,35.5,87.5,12.3,3.9,1.9,0.1,0.7,0,6400920
David Nwaba,52.1,42.9,66.7,5.2,0.4,2.3,0.6,0.6,0,903111
De'Aaron Fox,48.0,29.2,70.5,21.1,6.8,3.8,0.5,1.5,0,6392760
De'Andre Hunter,41.0,35.5,76.4,12.3,1.8,4.5,0.3,0.7,0,7068360
De'Anthony Melton,40.1,28.599999999999998,76.9,7.6,2.9,3.7,0.3,1.3,0,1416852
DeAndre Jordan,66.60000000000001,0.0,68.0,8.3,1.9,10.0,0.9,0.3,0,9881598
DeAndre' Bembry,45.6,23.1,54.2,5.8,1.9,3.5,0.4,1.3,0,2603982
DeMar DeRozan,53.1,25.7,84.5,22.1,5.6,5.5,0.3,1.0,0,27739975
DeMarre Carroll,37.9,24.2,69.0,3.6,1.0,2.3,0.2,0.3,0,512721
Deandre Ayton,54.6,23.1,75.3,18.2,1.9,11.5,1.5,0.7,0,9562920
Dejounte Murray,46.2,36.9,79.80000000000001,10.9,4.1,5.8,0.3,1.7,0,2321735
Delon Wright,46.2,37.0,77.0,6.9,3.3,3.8,0.3,1.2,0,9473684
Dennis Smith Jr.,34.1,29.599999999999998,50.9,5.5,2.9,2.3,0.2,0.8,0,4463640
Denzel Valentine,40.9,33.6,75.0,6.8,1.2,2.1,0.2,0.7,0,3377569
Deonte Burton,34.4,18.9,57.099999999999994,2.7,0.4,1.5,0.3,0.2,0,1416852
Derrick Favors,61.7,14.299999999999999,56.3,9.0,1.6,9.8,0.9,0.6,0,17650000
Derrick Jones Jr.,52.7,28.000000000000004,77.2,8.5,1.1,3.9,0.6,1.0,0,1645357
Derrick Rose,49.0,30.599999999999998,87.1,18.1,5.6,2.4,0.3,0.8,0,7317073
Derrick White,45.800000000000004,36.6,85.3,11.3,3.5,3.3,0.9,0.6,0,1948080
Devin Booker,48.9,35.4,91.9,26.6,6.5,4.2,0.3,0.7,1,27285000
Devonte' Graham,38.2,37.3,82.0,18.2,7.5,3.4,0.2,1.0,0,1416852
Dewan Hernandez,35.699999999999996,50.0,60.0,2.3,0.5,2.3,0.0,0.2,0,898310
Dewayne Dedmon,40.0,20.599999999999998,83.3,5.8,0.5,5.7,0.9,0.6,0,13333333
Dillon Brooks,40.699999999999996,35.8,80.80000000000001,16.2,2.1,3.3,0.4,0.9,0,1618520
Dion Waiters,41.4,31.900000000000002,82.39999999999999,11.1,2.0,2.4,0.6,0.4,0,375385
Domantas Sabonis,54.0,25.4,72.3,18.5,5.0,12.4,0.5,0.8,1,3529555
Donovan Mitchell,44.9,36.6,86.3,24.0,4.3,4.4,0.2,1.0,1,3635760
Donte DiVincenzo,45.5,33.6,73.3,9.2,2.3,4.8,0.3,1.3,0,2905800
Dorian Finney-Smith,46.6,37.6,72.2,9.5,1.6,5.7,0.5,0.6,0,4000000
Doug McDermott,48.8,43.5,82.8,10.3,1.1,2.5,0.1,0.2,0,7333333
Dragan Bender,44.6,34.9,71.39999999999999,6.7,1.8,4.6,0.6,0.3,0,1678854
Draymond Green,38.9,27.900000000000002,75.9,8.0,6.2,6.2,0.8,1.4,0,18539130
Duncan Robinson,47.0,44.6,93.10000000000001,13.5,1.4,3.2,0.3,0.5,0,1416852
Dwayne Bacon,34.8,28.4,66.0,5.7,1.3,2.6,0.1,0.6,0,1618520
Dwight Howard,72.89999999999999,60.0,51.4,7.5,0.7,7.3,1.1,0.4,0,1620564
Dwight Powell,63.800000000000004,25.6,66.7,9.4,1.5,5.7,0.6,0.9,0,10259375
E'Twaun Moore,42.6,37.7,68.89999999999999,8.3,1.4,2.3,0.2,0.6,0,8664928
Ed Davis,47.8,0.0,50.0,1.8,0.4,3.8,0.3,0.4,0,4767000
Edmond Sumner,43.0,26.400000000000002,55.2,4.9,1.8,1.5,0.3,0.5,0,2000000
Elfrid Payton,43.9,20.3,56.99999999999999,10.0,7.2,4.7,0.4,1.6,0,8000000
Elie Okobo,39.800000000000004,35.199999999999996,70.39999999999999,4.0,2.1,1.6,0.1,0.4,0,1416852
Emmanuel Mudiay,46.2,34.5,75.9,7.3,2.1,2.3,0.2,0.4,0,1620564
Eric Bledsoe,47.5,34.4,79.0,14.9,5.4,4.6,0.4,0.9,0,15625000
Eric Gordon,36.9,31.7,76.6,14.4,1.5,2.0,0.4,0.6,0,14057730
Eric Paschall,49.7,28.7,77.4,14.0,2.1,4.6,0.2,0.5,0,898310
Evan Fournier,46.7,39.900000000000006,81.8,18.5,3.2,2.6,0.2,1.1,0,17150000
Evan Turner,37.3,0.0,85.7,3.3,2.0,2.0,0.4,0.5,0,18606556
Frank Jackson,40.5,32.6,74.7,6.3,1.0,1.4,0.1,0.3,0,1618520
Frank Kaminsky,45.0,33.1,67.80000000000001,9.7,1.9,4.5,0.3,0.4,0,4767000
Frank Ntilikina,39.300000000000004,32.1,86.4,6.3,3.0,2.1,0.3,0.9,0,4855800
Fred VanVleet,41.3,39.0,84.8,17.6,6.6,3.8,0.3,1.9,0,9346153
Furkan Korkmaz,43.0,40.2,75.5,9.8,1.1,2.3,0.2,0.6,0,1620564
Garrett Temple,37.8,32.9,80.5,10.3,2.5,3.5,0.5,0.8,0,4767000
Gary Clark,40.6,35.099999999999994,90.0,3.7,0.4,2.6,0.5,0.1,0,555409
Gary Harris,42.0,33.300000000000004,81.5,10.4,2.1,2.9,0.3,1.4,0,17839286
Gary Payton II,41.4,28.299999999999997,50.0,3.9,1.7,2.8,0.2,1.1,0,1052909
Gary Trent Jr.,44.4,41.8,82.19999999999999,8.9,1.0,1.6,0.3,0.8,0,1416852
George Hill,51.6,46.0,84.2,9.4,3.1,3.0,0.1,0.8,0,9133907
Georges Niang,43.8,40.0,83.3,5.9,0.7,1.9,0.1,0.3,0,1645357
Giannis Antetokounmpo,55.300000000000004,30.4,63.3,29.5,5.6,13.6,1.0,1.0,1,25842697
Glenn Robinson III,48.6,39.1,86.0,11.7,1.5,4.4,0.3,0.9,0,1620564
Goga Bitadze,46.7,19.0,72.7,3.2,0.4,2.0,0.7,0.2,0,2816760
Gordon Hayward,50.0,38.3,85.5,17.5,4.1,6.7,0.4,0.7,0,32700690
Gorgui Dieng,45.6,35.5,77.2,7.4,1.2,5.6,0.9,0.8,0,16229213
Grant Williams,41.199999999999996,25.0,72.2,3.4,1.0,2.6,0.5,0.4,0,2379840
Grayson Allen,46.6,40.400000000000006,86.7,8.7,1.4,2.2,0.1,0.3,0,2429400
Hamidou Diallo,44.6,28.1,60.3,6.9,0.8,3.6,0.2,0.8,0,1416852
Harrison Barnes,46.0,38.1,80.10000000000001,14.5,2.2,4.9,0.2,0.6,0,24147727
Hassan Whiteside,62.1,57.099999999999994,68.60000000000001,15.5,1.2,13.5,2.9,0.4,0,27093017
Ian Mahinmi,49.5,19.2,61.9,7.4,1.3,5.7,1.2,0.8,0,15450051
Ignas Brazdeikis,27.3,11.1,80.0,1.9,0.4,0.6,0.1,0.0,0,898310
Iman Shumpert,32.800000000000004,24.2,57.099999999999994,4.2,0.9,2.6,0.2,0.9,0,1419138
Isaac Bonga,50.4,35.199999999999996,81.2,5.0,1.2,3.4,0.3,0.7,0,1416842
Isaiah Hartenstein,65.7,0.0,67.9,4.7,0.8,3.9,0.5,0.4,0,1416852
Isaiah Roby,0.0,0.0,0.0,0.0,0.0,0.7,0.0,0.0,0,1500000
Isaiah Thomas,40.8,41.3,81.6,12.2,3.7,1.7,0.2,0.3,0,1620564
Ish Smith,44.7,36.7,72.1,10.9,4.9,3.2,0.4,0.9,0,6000000
Ivica Zubac,61.3,0.0,74.7,8.3,1.1,7.5,0.9,0.2,0,6481482
J.J. Barea,41.099999999999994,37.6,90.9,7.7,3.9,1.8,0.1,0.2,0,1620564
Ja Morant,47.699999999999996,33.5,77.60000000000001,17.8,7.3,3.9,0.3,0.9,0,8730240
JaKarr Sampson,59.099999999999994,15.4,66.7,4.6,0.6,2.6,0.4,0.5,0,1620564
JaMychal Green,42.9,38.7,75.0,6.8,0.8,6.2,0.4,0.5,0,4767000
JaVale McGee,63.7,50.0,64.60000000000001,6.6,0.5,5.7,1.4,0.5,0,4000000
Jabari Parker,51.0,26.900000000000002,75.3,14.0,1.8,5.6,0.4,1.2,0,6500000
Jacob Evans,33.6,33.300000000000004,86.2,4.4,1.1,1.4,0.4,0.4,0,1925880
Jae Crowder,40.1,34.300000000000004,77.60000000000001,10.5,2.5,5.9,0.4,1.1,0,7815533
Jahlil Okafor,62.3,33.300000000000004,64.5,8.1,1.2,4.2,0.7,0.2,0,1702486
Jake Layman,45.300000000000004,33.300000000000004,75.0,9.1,0.7,2.5,0.4,0.7,0,3581986
Jakob Poeltl,62.4,0.0,46.5,5.6,1.8,5.7,1.4,0.6,0,3754886
Jalen Brunson,46.6,35.8,81.3,8.2,3.3,2.4,0.1,0.4,0,1416852
Jalen Lecque,40.0,0.0,100.0,2.0,0.4,0.4,0.0,0.0,0,898310
Jalen McDaniels,47.099999999999994,37.5,82.39999999999999,5.6,0.8,4.1,0.2,0.5,0,898310
Jamal Murray,45.6,34.599999999999994,88.1,18.5,4.8,4.0,0.3,1.1,0,4444746
James Ennis III,44.6,32.5,80.60000000000001,6.6,0.9,3.6,0.3,0.5,0,1882867
James Harden,44.4,35.5,86.5,34.3,7.5,6.6,0.9,1.8,1,38199000
James Johnson,47.9,36.3,64.60000000000001,8.4,2.3,3.7,1.0,0.8,0,15349400
Jared Dudley,40.0,42.9,100.0,1.5,0.6,1.2,0.1,0.3,0,1620564
Jaren Jackson Jr.,46.9,39.4,74.7,17.4,1.4,4.6,1.6,0.7,0,6927480
Jarred Vanderbilt,62.5,0.0,100.0,1.1,0.2,0.8,0.1,0.3,0,1416852
Jarrett Allen,64.9,0.0,63.3,11.1,1.6,9.6,1.3,0.6,0,2376840
Jarrett Culver,40.400000000000006,29.9,46.2,9.2,1.7,3.4,0.6,0.9,0,5813640
Javonte Green,50.0,27.3,66.7,3.4,0.5,1.9,0.2,0.5,0,898310
Jaxson Hayes,67.2,25.0,64.7,7.4,0.9,4.0,0.9,0.4,0,4862040
Jaylen Brown,48.1,38.2,72.39999999999999,20.3,2.1,6.4,0.4,1.1,0,6534829
Jaylen Nowell,35.8,11.5,94.1,3.8,1.3,0.9,0.1,0.2,0,1400000
Jayson Tatum,45.0,40.300000000000004,81.2,23.4,3.0,7.0,0.9,1.4,1,7830000
Jeff Green,46.2,33.900000000000006,80.2,9.4,1.0,2.8,0.4,0.5,0,439475
Jeff Teague,43.6,36.8,87.3,10.9,5.2,2.4,0.3,0.7,0,19000000
Jerami Grant,47.8,38.9,75.0,12.0,1.2,3.5,0.8,0.7,0,9346153
Jeremy Lamb,45.1,33.5,83.6,12.5,2.1,4.3,0.5,1.2,0,10500000
Jerome Robinson,37.1,32.0,70.19999999999999,5.1,1.4,2.0,0.3,0.4,0,3567720
Jevon Carter,41.6,42.5,85.2,4.9,1.4,2.0,0.3,0.8,0,1416852
Jimmy Butler,45.5,24.4,83.39999999999999,19.9,6.0,6.7,0.6,1.8,1,32742000
Joe Harris,48.6,42.4,71.89999999999999,14.5,2.1,4.3,0.2,0.6,0,7666667
Joe Ingles,44.5,39.900000000000006,78.7,9.8,5.2,3.9,0.2,0.9,0,11954546
Joel Embiid,47.699999999999996,33.1,80.7,23.0,3.0,11.6,1.3,0.9,1,27504630
John Collins,58.3,40.1,80.0,21.6,1.5,10.1,1.6,0.8,0,2686560
John Henson,55.60000000000001,22.2,50.0,5.5,1.4,4.1,1.1,0.6,0,9732396
Jonah Bolden,36.4,0.0,50.0,1.4,0.0,1.3,0.3,0.4,0,1698450
Jonathan Isaac,47.0,34.0,77.9,11.9,1.4,6.8,2.3,1.6,0,5806440
Jordan Bell,52.2,33.300000000000004,61.3,3.2,0.6,2.8,0.3,0.1,0,1620564
Jordan Clarkson,45.4,36.8,83.6,15.2,1.9,2.6,0.2,0.6,0,13437500
Jordan McRae,40.699999999999996,35.699999999999996,76.1,11.5,2.5,3.4,0.4,0.6,0,1645357
Jordan Poole,33.300000000000004,27.900000000000002,79.80000000000001,8.8,2.4,2.1,0.2,0.6,0,1964760
Josh Hart,42.3,34.2,73.9,10.1,1.7,6.5,0.4,1.0,0,1655160
Josh Jackson,44.0,31.900000000000002,70.0,9.0,1.6,3.0,0.4,0.8,0,7059480
Josh Okogie,42.699999999999996,26.6,79.60000000000001,8.6,1.6,4.3,0.4,1.1,0,2530680
Josh Richardson,43.0,34.1,80.9,13.7,2.9,3.2,0.7,0.9,0,10116576
Jrue Holiday,45.5,35.3,70.89999999999999,19.1,6.7,4.8,0.8,1.6,0,26231111
Juan Toscano-Anderson,46.0,34.8,60.0,5.3,2.0,4.0,0.4,1.0,0,350189
Julius Randle,46.0,27.700000000000003,73.3,19.5,3.1,9.7,0.3,0.8,0,18000000
Justin Holiday,42.8,40.5,79.10000000000001,8.3,1.3,3.3,0.6,1.2,0,4767000
Justin Jackson,39.6,29.4,84.0,5.5,0.8,2.4,0.2,0.2,0,3280920
Justin James,41.699999999999996,31.0,47.599999999999994,2.5,0.5,0.9,0.3,0.2,0,898310
Justin Patton,40.0,25.0,0.0,1.8,0.4,1.0,0.0,0.0,0,1620564
Justin Robinson,41.699999999999996,60.0,0.0,1.4,0.8,0.6,0.1,0.0,0,898310
Justise Winslow,38.800000000000004,22.2,66.7,11.3,4.0,6.6,0.5,0.6,0,13000000
Juwan Morgan,57.699999999999996,37.5,75.0,1.7,0.3,1.4,0.1,0.0,0,746054
KZ Okpala,60.0,0.0,50.0,1.4,0.2,1.0,0.2,0.4,0,898310
Karl-Anthony Towns,50.8,41.199999999999996,79.60000000000001,26.5,4.4,10.8,1.2,0.9,0,27285000
Kawhi Leonard,47.0,37.8,88.6,27.1,4.9,7.1,0.6,1.8,1,32742000
Keita Bates-Diop,42.699999999999996,33.0,72.0,6.5,0.7,2.9,0.5,0.4,0,1416852
Keldon Johnson,59.599999999999994,59.099999999999994,79.5,9.1,0.9,3.4,0.1,0.8,0,1950600
Kelly Olynyk,46.2,40.6,86.0,8.2,1.7,4.6,0.3,0.7,0,12667885
Kelly Oubre Jr.,45.2,35.199999999999996,78.0,18.7,1.5,6.4,0.7,1.3,0,15625000
Kemba Walker,42.5,38.1,86.4,20.4,4.8,3.9,0.5,0.9,1,32742000
Kendrick Nunn,43.9,35.0,85.0,15.3,3.3,2.7,0.2,0.8,0,1416852
Kenrich Williams,34.699999999999996,25.8,34.599999999999994,3.5,1.5,4.8,0.5,0.7,0,1416852
Kent Bazemore,37.5,34.4,76.9,8.8,1.4,4.3,0.6,1.1,0,19269662
Kentavious Caldwell-Pope,46.7,38.5,77.5,9.3,1.6,2.1,0.2,0.8,0,8089282
Kevin Huerter,41.3,38.0,82.8,12.2,3.8,4.1,0.5,0.9,0,2636280
Kevin Love,45.0,37.4,85.39999999999999,17.6,3.2,9.8,0.3,0.6,0,28942830
Kevin Porter Jr.,44.2,33.5,72.3,10.0,2.2,3.2,0.3,0.9,0,1290960
Kevon Looney,36.7,7.1,75.0,3.4,1.0,3.3,0.3,0.6,0,4464226
Khem Birch,51.0,0.0,65.3,4.4,1.0,4.6,0.5,0.4,0,3000000
Khris Middleton,49.7,41.5,91.60000000000001,20.9,4.3,6.2,0.1,0.9,1,30603448
Khyri Thomas,29.4,35.699999999999996,50.0,2.1,0.4,0.1,0.0,0.4,0,1416852
Kris Dunn,44.4,25.900000000000002,74.1,7.3,3.4,3.6,0.3,2.0,0,5348007
Ky Bowman,41.699999999999996,30.8,82.89999999999999,7.4,2.9,2.7,0.2,1.0,0,350189
Kyle Anderson,47.4,28.199999999999996,66.7,5.8,2.4,4.3,0.6,0.8,0,9073050
Kyle Korver,43.0,41.8,85.39999999999999,6.7,1.2,2.1,0.2,0.4,0,1620564
Kyle Kuzma,43.6,31.6,73.5,12.8,1.3,4.5,0.4,0.5,0,1974600
Kyle Lowry,41.6,35.199999999999996,85.7,19.4,7.5,5.0,0.4,1.4,1,34996296
Kyle O'Quinn,49.4,25.900000000000002,55.00000000000001,3.5,1.8,4.0,0.8,0.2,0,1620564
Kyrie Irving,47.8,39.4,92.2,27.4,6.4,5.2,0.5,1.4,0,31742000
LaMarcus Aldridge,49.3,38.9,82.69999999999999,18.9,2.4,7.4,1.6,0.7,0,26000000
Lance Thomas,34.8,30.8,100.0,3.4,0.9,1.9,0.0,0.0,0,7119650
Landry Shamet,40.400000000000006,37.5,85.5,9.3,1.9,1.9,0.2,0.4,0,1995120
Langston Galloway,43.5,39.900000000000006,85.9,10.3,1.5,2.3,0.2,0.7,0,7333333
Larry Nance Jr.,53.1,35.199999999999996,67.60000000000001,10.1,2.2,7.3,0.4,1.0,0,12727273
Lauri Markkanen,42.5,34.4,82.39999999999999,14.7,1.5,6.3,0.5,0.8,0,5300400
LeBron James,49.3,34.8,69.3,25.3,10.2,7.8,0.5,1.2,1,37436858
Lonnie Walker IV,42.6,40.6,72.1,6.4,1.1,2.3,0.2,0.5,0,2689920
Lonzo Ball,40.300000000000004,37.5,56.599999999999994,11.8,7.0,6.1,0.6,1.4,0,8719320
Lou Williams,41.8,35.199999999999996,86.1,18.2,5.6,3.1,0.2,0.7,0,8000000
Luc Mbah a Moute,40.0,0.0,50.0,1.7,0.0,0.7,0.0,0.7,0,4320500
Luguentz Dort,39.4,29.7,79.2,6.8,0.8,2.3,0.1,0.9,0,155647
Luke Kennard,44.2,39.900000000000006,89.3,15.8,4.1,3.5,0.2,0.4,0,3827160
Luke Kornet,43.9,28.7,71.39999999999999,6.0,0.9,2.3,0.7,0.3,0,2250000
Malcolm Brogdon,43.8,32.6,89.2,16.5,7.1,4.9,0.2,0.6,0,20000000
Malcolm Miller,41.4,36.4,37.5,1.3,0.4,0.6,0.1,0.2,0,1588231
Malik Beasley,42.5,38.800000000000004,81.8,11.2,1.4,2.7,0.1,0.7,0,2731714
Malik Monk,43.4,28.4,82.0,10.3,2.1,2.9,0.3,0.5,0,4028400
Marc Gasol,42.699999999999996,38.5,73.5,7.5,3.3,6.3,0.9,0.8,0,25595700
Marco Belinelli,39.2,37.6,82.8,6.3,1.2,1.7,0.0,0.2,0,5846154
Marcus Smart,37.5,34.699999999999996,83.6,12.9,4.9,3.8,0.5,1.7,0,12553571
Mario Hezonja,42.199999999999996,30.8,81.39999999999999,4.8,0.9,3.5,0.2,0.7,0,1737145
Markelle Fultz,46.5,26.700000000000003,73.0,12.1,5.1,3.3,0.2,1.3,0,9745200
Markieff Morris,44.3,38.6,77.60000000000001,9.7,1.3,3.8,0.3,0.5,0,1750000
Marko Guduric,39.5,30.099999999999998,92.30000000000001,3.9,1.0,1.7,0.2,0.3,0,2625000
Marquese Chriss,54.50000000000001,20.5,76.9,9.3,1.9,6.2,1.1,0.7,0,654469
Marvin Bagley III,46.7,18.2,80.60000000000001,14.2,0.8,7.5,0.9,0.5,0,8556120
Marvin Williams,44.6,35.9,86.0,5.9,1.0,3.2,0.5,0.6,0,604278
Mason Plumlee,61.5,0.0,53.5,7.2,2.5,5.2,0.6,0.5,0,14041096
Matisse Thybulle,42.3,35.699999999999996,61.0,4.7,1.2,1.6,0.7,1.4,0,2582160
Matt Thomas,48.699999999999996,47.5,75.0,4.9,0.5,1.5,0.0,0.2,0,898310
Matthew Dellavedova,35.4,23.1,86.5,3.1,3.2,1.3,0.0,0.4,0,9607500
Maurice Harkless,50.2,34.699999999999996,59.099999999999994,5.8,1.1,3.9,0.5,0.9,0,11011234
Max Strus,66.7,0.0,100.0,2.5,0.0,0.5,0.0,0.0,0,898310
Maxi Kleber,46.1,37.3,84.89999999999999,9.1,1.2,5.2,1.1,0.3,0,8000000
Meyers Leonard,50.9,41.4,64.3,6.1,1.1,5.1,0.3,0.3,0,11286516
Mfiondu Kabengele,43.8,45.0,100.0,3.5,0.2,0.9,0.2,0.2,0,1977000
Michael Carter-Williams,42.699999999999996,29.299999999999997,83.2,7.2,2.4,3.3,0.5,1.1,0,1620564
Michael Kidd-Gilchrist,33.300000000000004,25.0,78.60000000000001,2.4,0.6,2.7,0.2,0.1,0,595122
Michael Porter Jr.,50.9,42.199999999999996,83.3,9.3,0.8,4.7,0.5,0.5,0,3389400
Mikal Bridges,51.0,36.1,84.39999999999999,9.1,1.8,4.0,0.6,1.4,0,4161000
Mike Conley,40.9,37.5,82.69999999999999,14.4,4.4,3.2,0.1,0.8,0,32511624
Mike Muscala,40.699999999999996,37.8,81.8,4.8,0.9,2.3,0.3,0.2,0,2028594
Mike Scott,42.6,36.9,81.10000000000001,6.0,0.8,3.6,0.1,0.3,0,4767000
Miles Bridges,42.4,33.0,80.9,13.0,1.8,5.6,0.7,0.6,0,3755400
Mitchell Robinson,74.2,0.0,56.8,9.7,0.6,7.0,2.0,0.9,0,1599712
Miye Oni,37.5,36.8,80.0,3.5,0.4,1.7,0.2,0.4,0,898310
Mo Bamba,46.2,34.599999999999994,67.4,5.4,0.7,4.9,1.4,0.4,0,5697600
Monte Morris,45.9,37.8,84.3,9.0,3.5,1.9,0.2,0.8,0,1588231
Montrezl Harrell,57.99999999999999,0.0,65.8,18.6,1.7,7.1,1.1,0.6,0,6000000
Moritz Wagner,54.50000000000001,31.3,82.1,8.7,1.2,4.9,0.4,0.6,0,2063520
Myles Turner,45.7,34.4,75.1,12.1,1.2,6.6,2.1,0.7,0,18000000
Nassir Little,43.0,23.7,63.6,3.6,0.5,2.3,0.3,0.3,0,2105520
Naz Reid,41.199999999999996,33.0,69.8,9.0,1.2,4.1,0.7,0.6,0,898310
Nemanja Bjelica,48.1,41.9,82.1,11.5,2.8,6.4,0.6,0.9,0,6825000
Nerlens Noel,68.4,33.300000000000004,75.5,7.4,0.9,4.9,1.5,1.0,0,1620564
Nickeil Alexander-Walker,36.8,34.599999999999994,67.60000000000001,5.7,1.9,1.8,0.2,0.4,0,2964840
Nicolas Batum,34.599999999999994,28.599999999999998,90.0,3.6,3.0,4.5,0.4,0.8,0,25565217
Nigel Williams-Goss,31.3,28.599999999999998,100.0,1.4,0.6,0.6,0.1,0.3,0,1500000
Noah Vonleh,56.49999999999999,20.0,78.10000000000001,3.7,0.8,3.4,0.2,0.3,0,2000000
Norman Powell,49.5,39.900000000000006,84.3,16.0,1.8,3.7,0.4,1.2,0,10116576
Norvel Pelle,52.1,0.0,50.0,2.4,0.3,3.0,1.3,0.1,0,350189
OG Anunoby,50.5,39.0,70.6,10.6,1.6,5.3,0.7,1.4,0,2281800
Omari Spellman,43.1,39.1,79.3,7.6,1.0,4.5,0.5,0.7,0,1897800
Otto Porter Jr.,44.3,38.7,70.39999999999999,11.9,1.8,3.4,0.4,1.1,0,27250575
P.J. Tucker,41.5,35.8,81.3,6.9,1.6,6.6,0.5,1.1,0,8349039
Pascal Siakam,45.300000000000004,35.9,79.2,22.9,3.5,7.3,0.9,1.0,1,2351839
Pat Connaughton,45.5,33.1,77.5,5.4,1.6,4.2,0.5,0.4,0,1723050
Patrick Beverley,43.1,38.800000000000004,66.0,7.9,3.6,5.2,0.5,1.1,0,12345680
Patrick McCaw,41.4,32.4,72.2,4.6,2.1,2.3,0.1,1.1,0,4000000
Patrick Patterson,40.8,39.0,81.39999999999999,4.9,0.7,2.6,0.1,0.1,0,1620564
Patty Mills,43.1,38.2,86.6,11.6,1.8,1.6,0.1,0.8,0,12428571
Paul George,43.9,41.199999999999996,87.6,21.5,3.9,5.7,0.4,1.4,0,30560700
Paul Millsap,48.199999999999996,43.5,81.6,11.6,1.6,5.7,0.6,0.9,0,30350000
Quinn Cook,42.5,36.5,78.60000000000001,5.1,1.1,1.2,0.0,0.3,0,3000000
RJ Barrett,40.2,32.0,61.4,14.3,2.6,5.0,0.3,1.0,0,7839960
Rajon Rondo,41.8,32.800000000000004,65.9,7.1,5.0,3.0,0.0,0.8,0,2564753
Raul Neto,45.5,38.6,83.0,5.1,1.8,1.1,0.1,0.4,0,1620564
Rayjon Tucker,46.5,17.599999999999998,82.6,3.1,0.3,1.0,0.1,0.1,0,578573
Reggie Bullock,40.2,33.300000000000004,81.0,8.1,1.4,2.3,0.1,0.9,0,4000000
Reggie Jackson,41.099999999999994,39.300000000000004,83.3,11.9,4.1,3.0,0.2,0.4,0,512721
Richaun Holmes,64.8,0.0,78.8,12.3,1.0,8.1,1.3,0.9,0,4767000
Ricky Rubio,41.5,36.1,86.3,13.0,8.8,4.7,0.2,1.4,0,16200000
Robert Covington,42.199999999999996,33.5,79.80000000000001,12.4,1.3,6.6,1.3,1.6,0,11301219
Robin Lopez,49.2,33.300000000000004,52.800000000000004,5.4,0.7,2.4,0.7,0.2,0,4767000
Rodions Kurucs,44.6,36.7,63.2,4.6,1.1,2.9,0.1,0.5,0,1699236
Rodney Hood,50.6,49.3,77.8,11.0,1.5,3.4,0.2,0.8,0,5718000
Rodney McGruder,39.800000000000004,27.0,55.900000000000006,3.3,0.6,2.7,0.1,0.5,0,4807693
Romeo Langford,35.0,18.5,72.0,2.5,0.4,1.3,0.3,0.3,0,3458400
Rondae Hollis-Jefferson,47.099999999999994,13.0,73.4,7.0,1.8,4.7,0.4,0.8,0,2500000
Royce O'Neale,43.3,37.7,76.4,6.3,2.5,5.5,0.5,0.8,0,1618520
Rudy Gay,44.6,33.6,88.2,10.8,1.7,5.4,0.5,0.5,0,14500000
Rudy Gobert,69.3,0.0,63.0,15.1,1.5,13.5,2.0,0.8,1,23241573
Rui Hachimura,46.6,28.7,82.89999999999999,13.5,1.8,6.1,0.2,0.8,0,4469160
Russell Westbrook,47.199999999999996,25.8,76.3,27.2,7.0,7.9,0.4,1.6,1,38506482
Ryan Anderson,28.599999999999998,20.0,0.0,2.5,1.0,3.5,0.0,0.5,0,1620564
Ryan Arcidiacono,40.9,39.1,71.1,4.5,1.7,1.9,0.1,0.5,0,3000000
Ryan Broekhoff,37.3,39.2,87.5,4.2,0.6,2.5,0.2,0.3,0,1416852
Sekou Doumbouya,39.0,28.599999999999998,67.4,6.4,0.5,3.1,0.2,0.5,0,3285120
Semi Ojeleye,40.8,37.8,87.5,3.4,0.5,2.1,0.1,0.3,0,1618520
Serge Ibaka,51.2,38.5,71.8,15.4,1.4,8.2,0.8,0.5,0,23271604
Seth Curry,49.5,45.2,82.5,12.4,1.9,2.3,0.1,0.6,0,7461380
Shabazz Napier,41.199999999999996,31.7,82.39999999999999,10.3,4.7,2.8,0.2,1.2,0,1845301
Shai Gilgeous-Alexander,47.099999999999994,34.699999999999996,80.7,19.0,3.3,5.9,0.7,1.1,0,3952920
Shake Milton,48.4,43.0,78.5,9.4,2.6,2.2,0.2,0.5,0,1455697
Shaquille Harrison,46.7,38.1,78.0,4.9,1.1,2.0,0.4,0.8,0,1620564
Solomon Hill,39.6,36.8,74.1,5.5,1.8,2.8,0.2,0.7,0,12758781
Spencer Dinwiddie,41.5,30.8,77.8,20.6,6.8,3.5,0.3,0.6,0,10605600
Stanley Johnson,37.3,29.2,56.3,2.4,0.8,1.5,0.2,0.2,0,3623000
Stanton Kidd,0.0,0.0,0.0,0.0,0.3,0.8,0.0,0.0,0,898310
Stephen Curry,40.2,24.5,100.0,20.8,6.6,5.2,0.4,1.0,0,40231758
Sterling Brown,37.1,32.4,80.0,5.1,1.0,3.5,0.1,0.6,0,1618520
Steven Adams,59.199999999999996,33.300000000000004,58.199999999999996,10.9,2.3,9.3,1.1,0.8,0,25842697
T.J. Leaf,41.9,27.800000000000004,43.8,3.0,0.3,2.5,0.1,0.4,0,2813280
T.J. McConnell,51.6,29.4,83.3,6.5,5.0,2.7,0.2,0.8,0,3500000
T.J. Warren,53.6,40.300000000000004,81.89999999999999,19.8,1.5,4.2,0.5,1.2,0,10810000
Taj Gibson,58.4,28.599999999999998,73.2,6.1,0.8,4.3,0.5,0.4,0,9000000
Talen Horton-Tucker,46.7,30.8,50.0,5.7,1.0,1.2,0.2,1.3,0,898310
Taurean Prince,37.6,33.900000000000006,79.80000000000001,12.1,1.8,6.0,0.4,0.9,0,3481986
Terance Mann,46.800000000000004,35.0,66.7,2.4,1.3,1.3,0.1,0.3,0,1000000
Terence Davis,45.6,38.800000000000004,86.4,7.5,1.6,3.3,0.2,0.5,0,898310
Terrance Ferguson,35.5,29.2,75.0,3.9,0.9,1.3,0.3,0.5,0,2475840
Terrence Ross,40.300000000000004,35.099999999999994,85.3,14.7,1.2,3.2,0.3,1.1,0,12500000
Terry Rozier,42.3,40.699999999999996,87.4,18.0,4.1,4.4,0.2,1.0,0,19894737
Thabo Sefolosha,40.699999999999996,27.800000000000004,37.5,2.2,0.6,2.3,0.3,0.6,0,1620564
Thaddeus Young,44.800000000000004,35.6,58.3,10.3,1.8,4.9,0.4,1.4,0,12900000
Thanasis Antetokounmpo,50.0,0.0,41.199999999999996,2.8,0.8,1.2,0.1,0.4,0,1445697
Theo Pinson,28.999999999999996,18.8,93.8,3.6,1.7,1.6,0.1,0.5,0,1445697
Thomas Bryant,58.099999999999994,40.699999999999996,74.1,13.2,1.8,7.2,1.1,0.5,0,8000000
Thon Maker,48.199999999999996,34.4,66.4,4.7,0.7,2.8,0.7,0.4,0,3569643
Tim Frazier,36.199999999999996,33.300000000000004,79.2,3.6,3.4,1.2,0.1,0.5,0,1620564
Tim Hardaway Jr.,43.4,39.800000000000004,81.89999999999999,15.8,1.9,3.3,0.1,0.6,0,20025127
Tobias Harris,47.099999999999994,36.7,80.60000000000001,19.6,3.2,6.9,0.6,0.7,0,32742000
Tony Bradley,66.7,100.0,65.2,4.9,0.4,4.6,0.6,0.2,0,1962360
Tony Snell,44.5,40.2,100.0,8.0,2.2,1.9,0.3,0.5,0,11392857
Torrey Craig,46.1,32.6,61.1,5.4,0.8,3.3,0.6,0.4,0,2000000
Trae Young,43.7,36.1,86.0,29.6,9.3,4.3,0.1,1.1,1,6273000
Treveon Graham,36.0,27.500000000000004,64.3,4.4,0.8,2.7,0.1,0.4,0,1645357
Trevor Ariza,43.8,37.2,83.8,8.0,1.7,4.6,0.3,1.3,0,12195122
Trey Burke,45.0,42.699999999999996,79.3,7.4,2.5,1.5,0.1,0.5,0,1620564
Trey Lyles,44.6,38.7,73.3,6.4,1.1,5.7,0.4,0.4,0,5500000
Tristan Thompson,51.2,39.1,61.5,12.0,2.1,10.1,0.9,0.6,0,18539130
Troy Brown Jr.,43.9,34.1,78.4,10.4,2.6,5.6,0.1,1.2,0,3219480
Troy Daniels,38.7,34.8,62.5,4.3,0.4,1.1,0.1,0.2,0,384541
Ty Jerome,33.6,28.000000000000004,75.0,3.3,1.4,1.5,0.1,0.5,0,2193480
Tyler Herro,42.8,38.9,87.0,13.5,2.2,4.1,0.2,0.6,0,3640200
Tyler Johnson,38.800000000000004,31.900000000000002,84.0,7.0,1.9,1.9,0.2,0.4,0,183115
Tyler Zeller,25.0,0.0,0.0,1.0,0.0,2.0,0.0,0.0,0,245686
Tyrone Wallace,31.8,6.7,64.7,2.9,0.9,1.6,0.1,0.5,0,1588231
Tyson Chandler,77.8,0.0,46.2,1.3,0.2,2.5,0.3,0.2,0,1620564
Tyus Jones,45.9,37.9,74.1,7.4,4.4,1.6,0.1,0.9,0,9258000
Udonis Haslem,36.4,33.300000000000004,75.0,3.0,0.3,4.0,0.0,0.0,0,1620564
Victor Oladipo,39.4,31.7,81.39999999999999,14.5,2.9,3.9,0.2,0.9,0,21000000
Vince Carter,35.199999999999996,30.2,79.3,5.0,0.8,2.1,0.4,0.4,0,1620564
Vincent Poirier,47.199999999999996,50.0,85.7,1.9,0.4,2.0,0.4,0.1,0,2505793
Wayne Ellington,35.099999999999994,35.0,84.6,5.1,1.2,1.8,0.1,0.4,0,8000000
Wendell Carter Jr.,53.400000000000006,20.7,73.7,11.3,1.2,9.4,0.8,0.8,0,5201400
Wenyen Gabriel,43.8,30.0,68.2,2.1,0.3,1.7,0.2,0.4,0,1445697
Wes Iwundu,41.6,34.1,80.4,5.8,1.2,2.5,0.3,0.5,0,1618420
Wesley Matthews,39.6,36.4,76.5,7.4,1.4,2.5,0.1,0.6,0,2564753
Will Barton,45.0,37.5,76.7,15.1,3.7,6.3,0.5,1.1,0,12776786
Willie Cauley-Stein,57.9,0.0,60.6,7.2,1.3,5.8,1.1,0.9,0,2177483
Wilson Chandler,40.400000000000006,30.599999999999998,87.0,5.9,1.1,4.1,0.3,0.5,0,1620564
Yogi Ferrell,42.0,30.4,85.7,4.4,1.4,1.0,0.1,0.4,0,3150000
Zach Collins,47.099999999999994,36.8,75.0,7.0,1.5,6.3,0.5,0.5,0,4240200
Zach LaVine,45.0,38.0,80.2,25.5,4.2,4.8,0.5,1.5,0,19500000
Zhaire Smith,27.3,0.0,50.0,1.1,0.3,0.3,0.0,0.4,0,3058800
Zion Williamson,58.3,42.9,64.0,22.5,2.1,6.3,0.4,0.7,0,9757440
